<?xml version="1.0" encoding="utf-8"?>
<extension group="content" method="upgrade" type="plugin" version="4">
	<name>PLG_CONTENT_CGVERSION</name>
	<creationDate>2024-03-03</creationDate>
	<author>ConseilGouz</author>
	<authorEmail></authorEmail>
	<authorUrl>www.conseilgouz.com</authorUrl>
	<copyright>ConseilGouz</copyright>
	<license>GNU/GPL</license>
	<version>1.1.0</version>
	<description>PLG_CONTENT_CGVERSION_DESC</description>
	<namespace path="src">ConseilGouz\Plugin\Content\CGVersion</namespace>
	<files>
		<folder plugin="cgversion">services</folder>
		<folder>src</folder>	
		<filename>index.html</filename>
	</files>
	<languages>
		<language tag="fr-FR">language/fr-FR/plg_content_cgversion.ini</language>
		<language tag="fr-FR">language/fr-FR/plg_content_cgversion.sys.ini</language>
		<language tag="en-GB">language/en-GB/plg_content_cgversion.ini</language>
		<language tag="en-GB">language/en-GB/plg_content_cgversion.sys.ini</language>
	</languages>
	<scriptfile>script.php</scriptfile>
	<changelogurl>https://raw.githubusercontent.com/conseilgouz/plg_content_cgversion_j4/master/plg_content_cgversion_changelog.xml</changelogurl>
	<config>
	<fields name="params">
		<fieldset name="basic">
			<field name="shortcode" type="text" default="cgversion" 
			label="PLG_CONTENT_CGVERSION_SHORTCODE" description="PLG_CONTENT_CGVERSION_SHORTCODE_DESC" 
			/>		
		</fieldset>
	</fields>
	</config>
    <updateservers>
        <server type="extension" name="cgversion">https://raw.githubusercontent.com/conseilgouz/updates_github/master/plg_content_cgversion_update.xml</server>
    </updateservers>
</extension>