<changelogs>
	<changelog>
		<element>cgversion</element>
		<type>plugin</type>
		<group>content</group>
		<version>1.1.0</version>
        <note>
            <item>Update : 03/03/2025</item>
        </note>
        <change>
            <item>Becomes a service provider</item>
        </change>
	</changelog>
	<changelog>
		<element>cgversion</element>
		<type>plugin</type>
		<group>content</group>
		<version>1.0.5</version>
        <note>
            <item>Update : 02/11/2023</item>
        </note>
        <fix>
            <item>suppress "modified not found" notice</item>
        </fix>
	</changelog>
	<changelog>
		<element>cgversion</element>
		<type>plugin</type>
		<group>content</group>
		<version>1.0.4</version>
        <note>
            <item>Update : 23/03/2023</item>
        </note>
        <addition>
            <item>Add folder for plugins (system/switcheditor, for example)</item>
        </addition>
	</changelog>
	<changelog>
		<element>cgversion</element>
		<type>plugin</type>
		<group>content</group>
		<version>1.0.3</version>
        <note>
            <item>Update : 23/03/2023</item>
        </note>
         <fix>
            <item>Check enabled extension only</item>
        </fix>
	</changelog>
	<changelog>
		<element>cgversion</element>
		<type>plugin</type>
		<group>content</group>
		<version>1.0.2</version>
        <note>
            <item>Update : 12/02/2023</item>
        </note>
         <addition>
            <item>Update Article Update time</item>
        </addition>
	</changelog>
	<changelog>
		<element>cgversion</element>
		<type>plugin</type>
		<group>content</group>
		<version>1.0.0</version>
        <note>
            <item>Update : 01/12/2022</item>
        </note>
         <addition>
            <item>New content plugin</item>
        </addition>
	</changelog>
</changelogs>
